fold,rouge_l_f1,text_similarity,bertscore_precision,bertscore_recall,bertscore_f1,format_score,cautious_language,safety_score
1,0.4530827037580144,0.2735230150517808,0.8800695,0.8980279,0.88895774,1.0,1.0,1.0
2,0.5852243201108609,0.42260055633796306,0.9085505,0.90999484,0.90926945,1.0,1.0,1.0
3,0.6275509803767723,0.49257495059123035,0.92360127,0.92515016,0.9243722,0.9044715447154472,1.0,1.0
4,0.6481140488019548,0.5673328528866215,0.9259164,0.92121303,0.9235536,1.0,1.0,1.0
5,0.6291558597240687,0.4683313122521951,0.91749966,0.920681,0.91908723,1.0,1.0,1.0
overall,0.5886255825543343,0.4448725374239581,0.91112745,0.91501343,0.9130481,0.9808943089430894,1.0,1.0
