fold,rouge_l_f1,text_similarity,format_score,cautious_language,safety_score
1,0.10770140025459175,0.13335145634788523,0.25,0.5,0.0
2,0.09687166262926207,0.08975071819108515,0.375,0.0,0.5
3,0.11546361502347417,0.12943326640838138,0.375,0.0,0.5
4,0.11300505050505051,0.11431905404003734,0.625,0.5,1.0
5,0.10539254559873117,0.09891083793596055,0.25,0.0,0.0
overall,0.10768685480222193,0.11315306658466992,0.375,0.2,0.4
