fold,rouge_l_f1,text_similarity,bertscore_precision,bertscore_recall,bertscore_f1,format_score,cautious_language,safety_score
1,0.7440286308698236,0.6030628688729145,0.94086546,0.93825805,0.93955886,1.0,1.0,1.0
2,0.6956325098705521,0.5953969739270941,0.9195046,0.9192477,0.91937554,1.0,1.0,1.0
3,0.5808975928192575,0.40917992146108695,0.92088413,0.9148605,0.9178579,1.0,1.0,1.0
4,0.5927614143136334,0.4054305987236483,0.92312324,0.9203063,0.9217123,1.0,1.0,1.0
5,0.7189057476912997,0.6918044484547567,0.93736887,0.9299679,0.9336537,0.8841463414634145,1.0,1.0
overall,0.6664451791129132,0.5409749622879001,0.9283493,0.9245281,0.92643166,0.9768292682926829,1.0,1.0
