fold,rouge_l_f1,text_similarity,format_score,cautious_language,safety_score
1,0.11065375302663438,0.17232237539766704,0.5,0.0,0.5
2,0.18074255405956752,0.2761437908496732,0.75,0.0,1.0
3,0.2133115111838516,0.25075354915901615,0.875,0.5,1.0
4,0.16455223880597014,0.24944162436548223,0.875,0.5,1.0
5,0.11666666666666667,0.1849257436156338,0.625,0.0,0.5
overall,0.15718534474853807,0.22671741667749448,0.725,0.2,0.8
