fold,rouge_l_f1,text_similarity,format_score,cautious_language,safety_score
1,0.11768219832735961,0.19837728194726167,0.875,1.0,1.0
2,0.2176470588235294,0.23537669227324398,1.0,1.0,1.0
3,0.23076923076923078,0.26988127853881283,1.0,1.0,1.0
4,0.22278225806451613,0.30195220990160865,1.0,1.0,1.0
5,0.15290611028315945,0.25213332144025213,0.875,1.0,1.0
overall,0.18835737125355906,0.25154415682023584,0.95,1.0,1.0
