fold,rouge_l_f1,text_similarity,format_score,cautious_language,safety_score
1,0.11768219832735961,0.19837728194726167,0.875,1.0,1.0
2,0.16738567730802414,0.2597723220408723,1.0,1.0,1.0
3,0.14880952380952378,0.1588689804953431,0.875,1.0,1.0
4,0.19908528383104654,0.30311853002070394,1.0,1.0,1.0
5,0.18007662835249041,0.2651792739125548,0.75,1.0,0.5
overall,0.1626078623256889,0.23706327768334715,0.9,1.0,0.9
